,country,AR,sarimax,fbprophet
0,Argentina,16.82,23.573911635111145,23.163477781914015
1,Mexico,10.1,8.654745541827152,4.608086666067116
